title,snippet,link,position,date
Leh - Wikipedia,"Leh (/ˈleɪ/; Ladakhi/Tibetan script: གླེ་ or སླེ་, Wylie: Gle or sle) is the joint capital and largest town of the union territory of Ladakh in ...",https://en.wikipedia.org/wiki/Leh,0,2021-08-18 03:16:10
Ladakh - Wikipedia,"The largest town in Ladakh is Leh, followed by Kargil, each of which headquarters a district. The Leh district contains the Indus, Shyok and Nubra river ...",https://en.wikipedia.org/wiki/Ladakh,1,2021-08-18 03:16:10
Leh-Ladakh - Incredible India,"LEH-LADAKH ... Set amidst the epic Himalayas, Ladakh is a rustic and heavenly beautiful travel destination. The rugged valleys and mountains, winding roads ...",https://www.incredibleindia.org/content/incredibleindia/en/destinations/leh-ladakh.html,2,2021-08-18 03:16:10
"District Leh, Union Territory of Ladakh | Land of the Passes ...","District Leh - Ladakh ... As per COVID-19 SOP issued by UT administration on 31/05/2021, all passengers arriving in Ladakh both by air and road must have a ...",https://leh.nic.in/,3,2021-08-18 03:16:10
The Administration of Union Territory of Ladakh | India,"Leh, August 16: Secretary, Tourism & Culture, UT Ladakh, K. Mehboob Ali Khan, today, chaired a meeting regarding the Tourism[…] Share; Share on Facebook · Share ...",https://ladakh.nic.in/,4,2021-08-18 03:16:10
Leh Ladakh Tour Packages - Thrillophilia,"On a journey to the top of the world, Leh-Ladakh features most of the world's highest motorable passes with the spectacular beauty of snow-capped mountains. The ...",https://www.thrillophilia.com/leh-ladakh-tour,5,2021-08-18 03:16:10
"Leh | Geography, History, Palace, & Facts | Britannica","7 days ago — Leh, town, Ladakh union territory, northern India. The town is located in the valley of the upper Indus River at an elevation of 11550 feet ...",https://www.britannica.com/place/Leh,6,2021-08-18 03:16:10
27 Leh Ladakh Tour Packages - Veena World,The region is called Ladakh whereas the town of Leh is the joint administrative capital of Ladakh. Ladakh has two districts - Kargil and Leh with a total ...,https://www.veenaworld.com/india/leh-ladakh-tour-packages/s,7,2021-08-18 03:16:10
"Leh Ladakh Tourism, Tours & Packages - India - Holidify","Ladakh is divided into two districts: district Leh, and district Kargil. The former district has a popular town “Leh” and is a great tourist attraction because ...",https://www.holidify.com/places/ladakh/,8,2021-08-18 03:16:10
"How to Plan a Trip to Leh Ladakh (Travel Tips, Advice & FAQs)","Planning a Leh Ladakh trip? Find information on road conditions, routes, packing, acclimatization, altitude sickness, permits and other FAQs ...",https://wanderwisdom.com/packing-prep/how-to-plan-leh-ladakh-trip,9,2021-08-18 03:16:10
Book Ladakh Tour & Holiday Packages at Best ... - Yatra.com,"The region is primarily divided into two districts, Kargil and Leh with Kargil forming the Muslim majority, and Leh, Buddhist. While the former is an important ...",https://www.yatra.com/india-tour-packages/holidays-in-ladakh,10,2021-08-18 03:16:10
"Latest News & Videos, Photos about Leh Ladakh - The ...","Leh Ladakh Latest Breaking News, Pictures, Videos, and Special Reports from The Economic Times. Leh Ladakh Blogs, Comments and Archive News on ...",https://economictimes.indiatimes.com/topic/Leh-Ladakh,11,2021-08-18 03:16:10
IRCTC Tourism offers a 7-day tour to Leh-Ladakh. Details here,"Jul 22, 2021 — IRCTC Tourism is offering a tour package of six nights and seven days to Leh-Ladakh at tariffs starting from ₹ 32000 per person.",https://www.livemint.com/news/india/irctc-tourism-offers-a-7-day-tour-to-leh-ladakh-details-here-11626927241510.html,12,2021-08-18 03:16:10
Leh Ladakh Holiday Packages - Kesari Tours,Luxury holiday packages in Leh Ladakh - Rejoice Yourself With leh ladakh Trip And Experience the beauty of nature.Book Your Leh Tour Package only with ...,https://www.kesari.in/India-Tours/Leh-Ladakh-Tours,13,2021-08-18 03:16:10
The Leh Ladakh Expedition - Ahmedabad - Invincible NGO,"The Ladakh capital city of Leh lies near the eastern parts of Jammu and Kashmir, on the crossroads of the historic 'Silk Route' from Sinkiang to West Asia ...",https://invinciblengo.org/events/the-leh-ladakh-trekking-trip-expedition-towards-heaven-back-ladakh-jammu-and-kashmir,14,2021-08-18 03:16:10
Thrilling Leh Ladakh Tour with Pangong Lake | Flat 31% Off,"With 80000+ Positive Reviews and Exclusive Stays, Book Thrilling Leh Ladakh Tour with Pangong Lake at the best price with Thrillophilia.",https://www.thrillophilia.com/tours/thrilling-leh-ladakh-tour-with-pangong-lake,15,2021-08-18 03:16:10
"Leh (ladakh), JK, IN - eBird",Explore a complete list of bird species observations in this area.,https://ebird.org/region/IN-JK-LE,16,2021-08-18 03:16:10
Leh District Permit Tracking System,Leh District Tourist Management System ... The Tourist arriving in Ladakh both by air and road must have a negative RT-PCR report not older than 96 hours.,https://www.lahdclehpermit.in/,17,2021-08-18 03:16:10
"Leh-Ladakh Tour Packages (Nubra, Pangong, Tso Moriri, ...)","These Leh-Ladakh tour packages take you to the best places to visit: Nubra valley, Pangong & Tso Moriri lakes, Hemis monastery, Lamayuru, Manali, Srinagar.",https://www.leh-ladakh-taxi-booking.com/tour-packages/,18,2021-08-18 03:16:10
Ladakh Tourism: How to Plan your Leh Ladakh Trip,Ladakh Travel Information & Guide for Leh Ladakh Trip ... Ladakh is a paradise on Earth and boasts of unparalleled beauty. It is a 'Land of high passes' and ...,https://www.lehladakhindia.com/,19,2021-08-18 03:16:10
"Best of Leh, India Tourism - Tripadvisor","Leh Tourism: Best of Leh ... The Ladakh capital city of Leh lies near the eastern parts of Jammu and Kashmir, on the crossroads of the historic ""Silk Route"" from ...",https://www.tripadvisor.com/Tourism-g297625-Leh_Leh_District_Ladakh_Jammu_and_Kashmir-Vacations.html,20,2021-08-18 03:16:10
Leh Ladakh Pictures | Download Free Images on Unsplash,Download the perfect leh ladakh pictures. Find over 100+ of the best free leh ladakh images. Free for commercial use ✓ No attribution required ...,https://unsplash.com/s/photos/leh-ladakh,21,2021-08-18 03:16:10
Ladakh (@lehladakh.in) • Instagram photos and videos,Ladakh. Leh Ladakh is the destination that can tempt anyone to ditch the rest of the world. Book #lehladakh #srinagar #turtuk trip,https://www.instagram.com/lehladakh.in/?hl=en,22,2021-08-18 03:16:10
Ladakh Tour Packages - Get Upto 30% Off on ... - MakeMyTrip,"MakeMyTrip offers a range of Ladakh travel packages for you to choose from – Ladakh bike tour package for the adventurous riders, Leh Ladakh packages for ...",https://www.makemytrip.com/holidays-india/ladakh-travel-packages.html,23,2021-08-18 03:16:10
Ladakh Marathon,"Unlike other marathons, the Ladakh Marathon requires participants to arrive in Leh atleast a week in advance to acclimatise for race day. You are running at ...",https://ladakhmarathon.com/,24,2021-08-18 03:16:10
Leh Ladakh Tourism | Places to Visit & Ladakh Tour Guide,"Ladakh is located in the Western Himalayas of Northern India. It is bordered by Tibet to the east, Himachal Pradesh to the south, Jammu & Kashmir and the ...",https://www.tourmyindia.com/states/ladakh/,25,2021-08-18 03:16:10
"Best trails in Leh, Ladakh | AllTrails","Results 1 - 10 of 30 — Looking for a great trail near Leh, Ladakh? AllTrails has 30 great hiking trails and more, with hand-curated trail maps and driving ...",https://www.alltrails.com/india/ladakh/leh,26,2021-08-18 03:16:10
Earthquake of magnitude 3.6 hits Leh in Ladakh - India Today,"Jul 21, 2021 — An earthquake of magnitude 3.6 on the Richter scale hit Leh, Ladakh at 4:57 am on Wednesday, according to the National Centre for ...",https://www.indiatoday.in/india/story/earthquake-magnitude-3-hits-leh-ladakh-1830629-2021-07-21,27,2021-08-18 03:16:10
"Religious Identity of Muslim Women in Leh, Ladakh","by S Rehman · 2020 — This paper examines the negotiation of religious identity among Sunni Muslim women in Leh, Ladakh. Although Muslims in Leh share the same socio-cultural ...",https://digitalcommons.macalester.edu/himalaya/vol39/iss2/15/,28,2021-08-18 03:16:10
"Leh, Ladakh 10-Day Weather Forecast","Be prepared with the most accurate 10-day forecast for Leh, Ladakh with highs, lows, chance of precipitation from The Weather Channel and Weather.com.",https://weather.com/en-IN/weather/tenday/l/Leh+Ladakh?canonicalCityId=389d0ae3895731241d7fd7acd4a8f4914b4874086dccf06990b7beefaf39d461,29,2021-08-18 03:16:10
"In Leh and Kargil, reasons to oppose Ladakh's status - The ...","Jul 8, 2021 — A UT for Ladakh had been a long-standing demand in Buddhist majority Leh, which believed it was marginalised in the larger state of J&K. But ...",https://indianexpress.com/article/explained/in-leh-and-kargil-different-reasons-to-oppose-ladakhs-current-status-7386677/,30,2021-08-18 03:16:10
India's hidden Himalayas of Ladakh - BBC Travel,"Jul 29, 2014 — India's semi-autonomous region of Ladakh shares Tibet's Himalayan ... can then only be reached by flights into the regional capital of Leh.",https://www.bbc.com/travel/article/20140729-indias-hidden-himalayas-of-ladakh,31,2021-08-18 03:16:10
General information about Ladakh - Ju-Leh Adventure,"The predominant language is Ladakhi, it is closely related to Tibetan though is not mutually intelligible with it. A Ladakhi phrasebook ""Getting Started in ...",https://www.ju-lehadventure.com/ladakh-information/general,32,2021-08-18 03:16:10
Leh ladakh india - Memphis Tours,"Leh Ladakh. A perfect destination for many tourists, Leh Ladakh is a wonderful place, which is an amalgam of vacation experiences and adventure opportunities.",https://www.memphistours.com/India/india-travel-guide/india-attractions/wiki/Best-time-to-visit-Ladakh,33,2021-08-18 03:16:10
"5 best sights in the 'land of high passes,' Leh Ladakh","Jul 1, 2021 — From bikers to people seeking spirituality, this place is welcoming to everyone. Located at a high altitude of 8,370 ft from sea level, Ladakh ...",https://www.hindustantimes.com/photos/lifestyle/photos-5-best-sights-in-the-land-of-high-passes-leh-ladakh-101625110727796.html,34,2021-08-18 03:16:10
15 Best Places To Visit Leh Ladakh - InterMiles,"Jul 1, 2020 — There are a lot of interesting places to do in Leh Ladakh and we have listed the top 15 cool and amazing destination that one can visit when ...",https://www.intermiles.com/blog/15-best-places-to-visit-leh-ladakh,35,2021-08-18 03:16:10
Ladakh responds to tourism's demands on its water |The Third,"Jul 26, 2017 — A rise in visitor numbers to the town of Leh in India's highlands is taking its toll on the region's most precious resource — water.",https://www.thethirdpole.net/en/climate/ladakh-water-tourism-demands-india/,36,2021-08-18 03:16:10
Best things to do in Leh Ladakh 2021 | Attractions & activities,"Discover 7 fun things to do in Leh Ladakh, India. 2021 is a great time to go sightseeing and visit the many attractions in Leh Ladakh. - Klook US.",https://www.klook.com/en-US/city/420-leh-ladakh-things-to-do/,37,2021-08-18 03:16:10
"Ladakh travel | India, Asia - Lonely Planet",Welcome to Ladakh · Leh palace with nice mountain range. Leh Palace. Leh · Thiksey Gompa. Thiksey. Buddhist Monastery · Choskhor Temple Complex. Alchi. Buddhist ...,https://www.lonelyplanet.com/india/jammu-and-kashmir/ladakh,38,2021-08-18 03:16:10
"Rural-to-urban Migration and Urbanization in Leh, Ladakh",by SK Goodall · 2004 · Cited by 78 — Leh District (and indeed Ladakh as a region) has a population growth rate well ... Rural-to-urban migration of Ladakh's nomadic pastoralists.,https://bioone.org/journals/mountain-research-and-development/volume-24/issue-3/0276-4741(2004)024%5B0220%3ARMAUIL%5D2.0.CO%3B2/Rural-to-urban-Migration-and-Urbanization-in-Leh-Ladakh/10.1659/0276-4741(2004)024[0220:RMAUIL]2.0.CO;2.full,39,2021-08-18 03:16:10
"Search hotels in Leh Ladakh, India","Find hotels in Leh Ladakh, in. Book online, pay at the hotel. Good rates and no reservation costs. Read hotel reviews from real guests.",https://www.booking.com/region/in/leh-ladakh.html,40,2021-08-18 03:16:10
"Leh, Ladakh - The Land of Snows","Leh, Ladakh, India: Elevation 3425 meters. Leh, located in the Indian state of Jammu and Kashmir, is one of the most fascinating towns in the Himalaya…and ...",https://www.thelandofsnows.com/leh-ladakh/,41,2021-08-18 03:16:10
"Latest News, Photos, Videos on Leh Ladakh - NDTV.COM","Defence Minister Rajnath Singh on Sunday met the elected representatives of Ladakh Autonomous Hill Development Councils (LAHDC), Leh, Kargil and officials in ...",https://www.ndtv.com/topic/leh-ladakh,42,2021-08-18 03:16:10
Leh/Ladakh - Road trip route - Google My Maps,Leh/Ladakh - Road trip route.,https://maps.google.com/maps/ms?ie=UTF&msa=0&msid=217083636135236649455.0004bba1360e298dd8295,43,2021-08-18 03:16:10
Leh Ladakh | Data Portal for Cities,Data and interactive graphics for Leh Ladakh on energy consumption for buildings and transportation and activity data for waste.,https://dataportalforcities.org/south-asia/india/state-jammu-and-kashmir/leh-ladakh,44,2021-08-18 03:16:10
"Magnitude 4.6 earthquake strikes near Leh, Leh Ladakh ...","Feb 3, 2021 — 4.6 quake 53 km east of Leh, India, 3 Feb 2021 7:59 pm (GMT +5:30). A magnitude 4.6 earthquake near Leh, Leh Ladakh, Ladakh, India, ...",https://www.volcanodiscovery.com/earthquake/news/120880/Magnitude-46-earthquake-strikes-near-Leh-Leh-Ladakh-Ladakh-India.html,45,2021-08-18 03:16:10
Leh - Wikitravel,"Leh is the heart of the Leh district and capital of the Union Territory of Ladakh in , India. Understand[edit]. Leh is located in the Indus river valley at ...",https://wikitravel.org/en/Leh,46,2021-08-18 03:16:10
SOS Children's Villages' Support in Leh-Ladakh,"Tibetan Children's Village Leh-Ladakh is situated on the river Indus, seven kilometres from the town of Leh in the Ladakh region of the Indian state of Jammu ...",https://www.sos-childrensvillages.org/where-we-help/asia/india/leh-ladakh,47,2021-08-18 03:16:10
"Pilgrimage to Leh Jokhang July 4, 2018 - Dalai Lama","Jul 4, 2018 — Leh, Ladakh, J&K, India - Following his arrival in Ladakh yesterday, His Holiness the Dalai Lama began the day today with a pilgrimage to ...",https://www.dalailama.com/news/2018/pilgrimage-to-leh-jokhang,48,2021-08-18 03:16:10
Leh Ladakh- Heaven and Beyond (Video 2019) - IMDb,"Leh Ladakh- Heaven and Beyond: Directed by Parag Vijra. With Vasundhara Bhadoria, Bharti Sharma.",https://www.imdb.com/title/tt10744004/,49,2021-08-18 03:16:10
"10 Dos and Donts for a road trip to Leh Ladakh, India","Vid drove the entire Delhi-Srinagar-Ladakh-Manali-Delhi stretch himself and LOVED it. However if that doesn't sound like your cup of tea, you can fly to Leh ...",https://www.bruisedpassports.com/india/dos-and-donts-road-trip-ladakh,50,2021-08-18 03:16:10
COVID-19: Ladakh Information & Resource,Statistics - 16-08-2021 10:00 PM. 0 Suspects. 4 Positive Today. 3 Positive Today Leh. 1 Positive Today Kargil ... COVID-19 UT LADAKH - 16-08-2021 10:00 PM ...,https://covid.ladakh.gov.in/,51,2021-08-18 03:16:10
"Leh in Ladakh Travel Guide: Attractions, Festivals, Hotels","Mar 31, 2021 — Leh primarily functioned as an important trading hub on routes along the Indus Valley, between Tibet to the east and Kashmir to the west. It ...",https://www.tripsavvy.com/leh-ladakh-travel-guide-1539783,52,2021-08-18 03:16:10
DIPR Leh (@DIPR_Leh) | Twitter,4 new positive cases report in UT Ladakh; 9 patients cured and discharged. Total number of COVID-19 active cases in UT Ladakh has come down to 77; 65 in Leh ...,https://twitter.com/dipr_leh?lang=en,53,2021-08-18 03:16:10
leh (ladakh) - Homedist,"DPC :LEH (LADAKH), Local | English. Data Entry. MIS Report. Accounts and EFMS. DSC. DSC Enrollment Report. FTO. FTO Status Report · FTO Rejected Accounts ...",https://mnregaweb2.nic.in/netnrega/homedist.aspx?state_name=JAMMU%20AND%20KASHMIR&district_name=LEH%20(LADAKH)&District_Code=1407&State_Code=14,54,2021-08-18 03:16:10
Leh Ladakh Tourism – A Complete Travel Guide to ... - SOTC,Its proximity to Leh makes it easy to visit. It is also known as the Orchard of Ladakh. Nubra Valley is remote and yet draws tourists who come to see places ...,https://www.sotc.in/tourism/ladakh-tourism,55,2021-08-18 03:16:10
Why China Is Winning Against India - Foreign Policy,"Jan 1, 2021 — Indian Army convoys drive toward the town of Leh on a highway ... The Chinese have refused to restore the pre-May status quo in Ladakh, ...",https://foreignpolicy.com/2021/01/01/india-china-himalayas-ladakh-standoff/,56,2021-08-18 03:16:10
"After two years of disagreement, Ladakh's Kargil and Leh ...","Aug 7, 2021 — August 5, 2019, was a day of contrasts in Jammu and Kashmir's Ladakh region. That was the day on which New Delhi stripped the state of the ...",https://scroll.in/article/1002265/after-two-years-of-disagreement-ladakhs-kargil-and-leh-regions-now-united-in-demand-for-statehood,57,2021-08-18 03:16:10
Leh Ladakh Bike Trip 2021: A Tailor-made Guide For Bikers,"Mar 22, 2021 — Leh Ladakh Bike Trip is every biker's dream and to make that come true in 2021, here's everything one needs to know from the best routes to ...",https://traveltriangle.com/blog/leh-ladakh-bike-trip/,58,2021-08-18 03:16:10
Ride to Leh Ladakh 2021 - TVS AOG,"Leh is fondly referred to as 'The Bikers Paradise', without doubt offering the best of the journey. Guarded by the snow-capped Himalayas, breathtaking views ...",https://www.tvsapache.com/leh-ladakh.aspx,59,2021-08-18 03:16:10
"IRCTC Offers a 7-Day Package To Leh-Ladakh, Know Details","Aug 4, 2021 — Indian Railway Catering and Tourism Corporation has announced a six days and seven nights tour package to Leh-Ladakh at tariffs starting ...",https://www.news18.com/news/india/irctc-offers-a-7-day-package-to-leh-ladakh-know-details-4045673.html,60,2021-08-18 03:16:10
Leh Tourism | Leh Tourist Places | Leh Travel Guide - India.com,"Located in the Ladakh region of Jammu and Kashmir, Leh is known for its stunning scenic locales, Buddhist temples and pristine environment.",https://www.india.com/travel/leh/,61,2021-08-18 03:16:10
"Buddhist Business and Benevolence in Leh, Ladakh","by E Williams-Oerberg · 2021 — Ladakh previously consisted of two autonomous districts, including Leh district, with a total population of 133,487 and a Buddhist majority ...",https://journals.sagepub.com/doi/full/10.1177/0971685820973188,62,2021-08-18 03:16:10
Dhamma Laddha Vipassana Meditation Centre,"Dhamma Laddha, Ladakh, Jammu and Kashmir, India Centre Location: Website | Map ** Unless noted otherwise, course instructions are given in the following ...",https://www.dhamma.org/en/schedules/schladdha,63,2021-08-18 03:16:10
"Current Local Time in Leh, Ladakh, India","Current local time in India – Ladakh – Leh. Get Leh's weather and area codes, time zone and DST. Explore Leh's sunrise and sunset, moonrise and moonset.",https://www.timeanddate.com/worldclock/india/leh,64,2021-08-18 03:16:10
Leh & Ladakh Tours & Trips - TourRadar,"Leh & Ladakh Tours & Trips ... Located in India spreading to the Himalayas, Leh Ladakh in makes for a great destination for a package tour. The area provides ...",https://www.tourradar.com/v/region-leh-ladakh,65,2021-08-18 03:16:10
Disaster management in flash floods in leh (ladakh) - PubMed,"by P Gupta · 2012 · Cited by 35 — Abstract · Background: On August 6, 2010, in the dark of the midnight, there were flash floods due to cloud burst in Leh in Ladakh region of North India.",https://pubmed.ncbi.nlm.nih.gov/23112446/,66,2021-08-18 03:16:10
Culturable diversity and functional annotation of ... - PubMed,by AN Yadav · 2015 · Cited by 144 — ... soil and water samples from Leh Ladakh region were analysed. ... functional annotation of psychrotrophic bacteria from cold desert of Leh Ladakh (India).,https://pubmed.ncbi.nlm.nih.gov/25371316/,67,2021-08-18 03:16:10
Leh Ladakh Tour Packages - Ajay Modi Travels,Leh Ladakh Tours- Get best deals on your Leh Ladakh tour with Ajay Modi Travels. Book your group tour package with Ajay Modi Travels.,https://ajaymodi.com/packages/leh-ladakh/,68,2021-08-18 03:16:10
Book Leh Tour Packages - IRCTC Tourism,Travel to Leh with IRCTC Tourism that offers one amazing IRCTC Leh Packages: Discover Ladakh. This Leh Tour Package is an integral part of Leh Tourism ...,https://www.irctctourism.com/indian-domestic-holidays/leh-tour-packages,69,2021-08-18 03:16:10
The Grand Dragon Ladakh: Luxury Hotels in Leh & Ladakh,This is the only Star Luxury Hotel in Leh Ladakh. Avail our special packages and special deals. Book via website for best rates!,https://www.thegranddragonladakh.com/,70,2021-08-18 03:16:10
Hotel in Leh Ladakh,The Maitreya Leh Ladakh is one of the Best Top Rated Hotels with modern amenities & guest facilities in Leh Ladakh. Book your room now!,http://www.themaitreyaladakh.com/,71,2021-08-18 03:16:10
Disillusionment With BJP Govt Makes Leh-Kargil Join Hands,"Aug 5, 2021 — Ladakh, which includes both Leh and Kargil, was easily the largest territorial district in India until more than forty years ago. While the two ...",https://www.thequint.com/voices/opinion/ladakh-status-its-disillusionment-with-bjp-govt-that-led-to-leh-kargil-meet,72,2021-08-18 03:16:10
PIX: 12 breathtaking aerial views of Leh-Ladakh - Rediffmail,"Dec 24, 2019 — PIX: 12 breathtaking aerial views of Leh-Ladakh. Rediff reader Arun Khanna shared these stunning photographs of India's beauty.",https://www.rediff.com/getahead/report/travel-india-pix-12-breathtaking-aerial-views-of-leh-ladakh/20191224.htm,73,2021-08-18 03:16:10
16 Best Places To Visit Leh Ladakh - Tourism Of India,"Jan 2, 2021 — Plan your holiday in Leh Ladakh and know the best places to visit and explore popular attractions & enjoy things to do.",https://www.tourism-of-india.com/blog/best-places-to-visit-leh-ladakh/,74,2021-08-18 03:16:10
COMPLETE Leh Ladakh FAQs - Preparing for the Ladakh Trip,"Let us look at the most common questions asked about on how to prepare for Leh Ladakh trip. This comprehensive set of questions, answers everything needed.",https://devilonwheels.com/leh-ladakh-faqs-preparing-for-ladakh-trip/,75,2021-08-18 03:16:10
Trip to Leh Ladakh – Five Routes for travelling to Leh and,travel routes to leh and ladakh- · ROUTE 1: · Route 2: Srinagar – Kargil – Leh (Ladakh) – Delhi · Route 3: Amritsar – Dharamshala – Manali – Jispa – Leh (Ladakh) – ...,https://indiasomeday.com/en/suggested-travel-routes-leh-ladakh/,76,2021-08-18 03:16:10
Leh Weather Forecast - AccuWeather,"Get the forecast for today, tonight & tomorrow's weather for Leh, Ladakh, India. Hi/Low, RealFeel®, precip, radar, & everything you need to be ready for the ...",https://www.accuweather.com/en/in/leh/3592989/weather-forecast/3592989,77,2021-08-18 03:16:10
Leh - Ladakh Tour Packages - Heena Tours,"Leh Ladakh Tour Packages - Heena Tours offers best Leh Ladakh holiday packages, Leh Ladakh tour and travel packages with all luxury and comfort.",https://www.heenatours.in/domestic-tours/2/leh-ladakh-tour-packages.html,78,2021-08-18 03:16:10
Leh - Airports Authority of India,Leh Kushok Bakula Rimpochee Airport. Leh Kushok Bakula Rimpochee Airport ... Airports Authority of India KBR Airport Leh (UT Ladakh). apd_leh@aai.aero.,https://www.aai.aero/en/airports/leh,79,2021-08-18 03:16:10
Leh Ladakh | Far Horizon Tours India,"Being the capital of Ladakh, Leh is one of the most beautiful and fascinating tourist destinations The region is blessed with beautiful landscapes, ...",https://www.farhorizontours.com/india/north/jammu-kashmir/leh-ladakh,80,2021-08-18 03:16:10
Upto 51% OFF on 1 Leh-Ladakh Hotels - OYO,"Hotels in Leh-Ladakh (1 OYO) ... Being a region in Jammu and Kashmir, Ladakh extends from the Kunlun Mountains right till the Great Himalayas. Leh is the largest ...",https://www.oyorooms.com/hotels-in-leh-ladakh/,81,2021-08-18 03:16:10
Luxury Hotel in Leh Ladakh - Ladakh Palace | ladakh Hotels,"This is the only best Luxury Hotel in Leh Ladakh. Located in the lap of nature, it is surrounded by beautiful mountains. Book online from the official ...",http://www.ladakhpalace.com/,82,2021-08-18 03:16:10
WelcomHeritage Lha-ri-sa Resort - Skara Leh Ladakh,Book 5 Star Luxury Hotels in Leh online with best hotel deals at WH Lha-Ri-Sa Resort Leh Ladakh. It's a best 5 Star Resorts in Leh Ladakh.,https://www.welcomheritagehotels.in/hotel-details/lha-ri-sa-resorts-leh-ladakh,83,2021-08-18 03:16:10
Leh Ladakh tour packages - Akbar Travels,"Book Ladakh Tour Package with Akbar Travels. All-inclusive honeymoon, adventure & customized holiday packages with exciting offers. Book online now!",https://www.akbartravels.com/holidays/india-tour-packages/leh-ladakh-tour-packages,84,2021-08-18 03:16:10
"Covid death tally goes up to 190 in Ladakh, 88 fresh cases ...","Jun 2, 2021 — Read more about Covid death tally goes up to 190 in Ladakh, 88 fresh cases reported in Leh on Business-standard. The Covid-19 death toll in ...",https://www.business-standard.com/article/current-affairs/covid-death-tally-goes-up-to-190-in-ladakh-88-fresh-cases-reported-in-leh-121060200444_1.html,85,2021-08-18 03:16:10
A breathtaking Leh Ladakh tour | Marriott,Leh and Ladakh is a union territory of Jammu and Kashmir. Jammu and Kashmir – one of the most incredible places in India and often called “Paradise on ...,https://activities.marriott.com/things-to-do/V28Hi3EgZ771pn-a-breathtaking-leh-ladakh-tour,86,2021-08-18 03:16:10
Leh Ladakh - The Verda,"Located at an altitude of 3,524 metres(11,562 ft), Leh, the capital and the largest town in the union territory of Ladakh is the tourists paradise over the ...",https://theverda.com/locations/leh-ladakh/,87,2021-08-18 03:16:10
Leh Ladakh Group Tour 2021 - BanBanjara,"Discover Leh Ladakh with BanBanjara with Guide, Meals, Stay, Transport and Activities included! Offering now at best in industry prices! Book now!",https://banbanjara.com/tours/leh-ladakh-group-tour,88,2021-08-18 03:16:10
"Leh And Ladakh - Travel News, Tips, and Guides - Condé ...","Find the latest stories about Leh And Ladakh, plus travel ideas, products, expert advice, and more from Condé Nast Traveller India.",https://www.cntraveller.in/topics/leh-and-ladakh/,89,2021-08-18 03:16:10
India Travel Advisory,"India - Level 2: Exercise Increased Caution · The state of Jammu and Kashmir (except the eastern Ladakh region and its capital, Leh) due to terrorism and civil ...",https://travel.state.gov/content/travel/en/traveladvisories/traveladvisories/india-travel-advisory.html,90,2021-08-18 03:16:10
Kashmir Leh Ladakh Tour - Swan Tours,"Kashmir Leh Ladakh Tour holiday package with luxury hotels ,resorts ,airfare transport and sightseeing at discounted rates by Swan Tours.",https://www.swantour.com/leh-ladakh-tours/kashmir-leh-ladakh-tour.php,91,2021-08-18 03:16:10
20 Perfect Places to Visit in Leh Ladakh - Treebo Hotels,"Apr 18, 2018 — Leh Ladakh is such a dream destination that every traveller desires to go there once in his lifetime. It's a Buddhist kingdom, with palaces, ...",https://www.treebo.com/blog/places-to-visit-in-leh-ladakh/,92,2021-08-18 03:16:10
CPWD to lay three roads on China border in Ladakh - The Hindu,"Mar 21, 2021 — ... Nyakmikle and Hena, the three tender documents said: “The work is situated in Leh District of U.T. of Ladakh near International Border.",https://www.thehindu.com/news/national/cpwd-to-lay-3-roads-on-china-border-in-ladakh/article34125689.ece,93,2021-08-18 03:16:10
"The Old Town Leh, Ladakh | Sahapedia","Nov 14, 2018 — Tashi Morup and Rigzin Chodon. Tashi Morup is Projects Director of the Ladakh Arts and Media Organisation, Leh.",https://www.sahapedia.org/the-old-town-leh-ladakh-0,94,2021-08-18 03:16:10
Ladakh Buddhists who hailed India's Kashmir move not so ...,"Oct 14, 2020 — A year after India scrapped Kashmir's special status, anger and apprehensions in Ladakh over their future. Buddhist prayer flags fly at Namgyal ...",https://www.aljazeera.com/news/2020/10/14/kashmirs-leh-region-demands-constitutional-safeguards,95,2021-08-18 03:16:10
38 Leh Ladakh ideas - Pinterest,"Jul 30, 2017 - Explore Arpit Patel's board ""Leh Ladakh"" on Pinterest. See more ideas about leh ladakh, leh, ladakh india.",https://in.pinterest.com/ArpitKing/leh-ladakh/,96,2021-08-18 03:16:10
Leh Ladakh Road Trip Protection - Bajaj Finserv,Leh Ladakh Road Trip Cover by Bajaj FInserv. Get protection during the journey in cases like √Lost Cards Assistance √Accident Hospitalization √Bounced ...,https://www.bajajfinserv.in/leh-ladakh-road-trip-cover,97,2021-08-18 03:16:10
Summer Vacation in Ladakh | 6 Day Itinerary | Pangong Lake,"Do watch my video on how to prepare and pack for LADAKH trip if you ... Rs 35,000 per person including the ...",https://www.youtube.com/watch?v=YMs9prpdTdU,98,2021-08-18 03:16:20
लद्दाख में हुई हालत खराब | Our Leh - Ladakh Tour - YouTube,We Visit Leh Ladakh After Lockdown by flight direct leh from Delhi airport we visit Khardung La pass Nubra ...,https://www.youtube.com/watch?v=xY5LLK0x_ok,99,2021-08-18 03:16:20
"10 Best Things To Do In Leh, Ladakh | Trip101",Leh in Ladakh is always considered an ultimate travel destination for adventure seekers.,https://trip101.com/article/best-things-to-do-in-leh-ladakh,100,2021-08-18 03:16:20
Leh Ladakh - District Courts,"Dec 23, 2020 — Leh Ladakh. The District Court Complex was established at Leh(Ladakh) on December, 1978. District Court ...",https://districts.ecourts.gov.in/leh-ladakh,101,2021-08-18 03:16:20
Ladakh LG RK Mathur celebrates 75th Independence... - ANI ...,"2 days ago — Leh (Ladakh) [India], August 15 (ANI): Ladakh Lieutenant Governor RK Mathur on Sunday celebrated the 75th Independence Day of the country ...",https://www.aninews.in/news/national/general-news/ladakh-lg-rk-mathur-celebrates-75th-independence-day-with-indian-army-in-leh20210815234959,102,2021-08-18 03:16:20
"Complete Travel guide to Leh Ladakh, India - WOW Club","Apr 4, 2020 — 8 Perfect Days to visit Ladakh - Your Itinerary · Day 1 ) Arrive at Leh: You'll arrive at Leh airport. · Day 3) Leh - Nubra Valley (160 km) : ...",https://www.wowclub.com/blog/p/travel-guide-to-leh-india/,103,2021-08-18 03:16:20
Leh Ladakh Tours Packages | Bike Trip | Starting from ...,Ladakh Trip Packages 2021 - Explore 6 to 15 Days Adventure bike Trip to Leh Ladakh - Starting @ INR 14000/- Only. Book now for Motorcycle Trip.,https://www.goldeneagleexpedition.com/,104,2021-08-18 03:16:20
"Insights from Leh (Ladakh), India - ScienceDirect","by J Dame · 2019 · Cited by 15 — Research Paper. Urbanisation and socio-ecological challenges in high mountain towns: Insights from Leh (Ladakh), India.",https://www.sciencedirect.com/science/article/pii/S0169204619305341,105,2021-08-18 03:16:20
Tourism in Ladakh: why I travelled to Leh Ladakh in Winters?,"Jun 9, 2021 — How I planned my trip to Ladakh in Winters? Delhi to Leh Flight; Accommodation in Leh; Unforgettable Experiences and Offbeat places; My 7 Nights ...",https://www.travelseewrite.com/tourism-in-ladakh-why-i-travelled-to-leh-ladakh-in-winters/,106,2021-08-18 03:16:20
Leh Ladakh Map - India Map,"Aug 5, 2019 — Leh Ladakh Map showing Tourist Destinations, Roads, Railways, Airports, Areas, Statistic, Agriculture and Business, Places of Interest and ...",https://www.mapsofindia.com/maps/jammuandkashmir/leh-ladakh-map.html,107,2021-08-18 03:16:20
PAC members meet senior officials at Leh to take stock of ...,"12 hours ago — Leh (Ladakh) [India], August 17 (ANI): To take stock of the procurements for the Army, senior Army officials and Parliament's Public ...",https://in.news.yahoo.com/pac-members-meet-senior-officials-092843353.html,108,2021-08-18 03:16:20
Teaching Staff - Navodaya Vidyalaya Samiti,,https://navodaya.gov.in/nvs/nvs-school/Ladakh/en/about_us/Staff/Teaching-Staff/,109,2021-08-18 03:16:20
Popular Ladakh Tour Packages | Thomas Cook,Delhi is nearest place to Ladakh to start your bike/road trip. The distance of Delhi to Leh Ladakh by road via Leh Manali Highway is around 1011 km and the ...,https://www.thomascook.in/holidays/india-tour-packages/ladakh-tour-packages,110,2021-08-18 03:16:20
"Ladakh reports 4 new COVID-19 cases, active tally down to 77","8 hours ago — Of the total 4 new cases, three were from Leh and one from Kargil.",https://www.newindianexpress.com/nation/2021/aug/17/ladakh-reports-4-new-covid-19-cases-active-tally-down-to-77-2345990.html,111,2021-08-18 03:16:20
Anupreet and Akshit's Stunning Pre-Wedding Shoot in Leh ...,"Jan 2, 2018 — They say the surreal landscapes of Leh-Ladakh, the awe-inspiring ranges of the Karakoram and the Himalayas, the glaciers, the icy desert are ...",https://www.weddingsutra.com/blog/anupreet-akshits-stunning-pre-wedding-shoot-leh-ladakh/,112,2021-08-18 03:16:20
"Best Season to go to Leh Ladakh, India - Travel Dudes","Pack your bags to one of the most stunning picturesque locales in the northernmost state of India, Jammu and Kashmir, i.e Leh Ladakh. The magnificent holiday ...",https://www.traveldudes.com/best-season-to-go-to-leh-ladakh-india/,113,2021-08-18 03:16:20
Leh Ladakh: 'India's Own Moonland' | India Post News Paper,"Jun 23, 2021 — Leh Ladakh: 'India's Own Moonland' · Places To Visit · Pangong Tso: The most popular tourist attraction in Ladakh, Pangong lake is a landlocked ...",https://www.indiapost.com/leh-ladakh-indias-own-moonland/,114,2021-08-18 03:16:20
Madirakshi Mundle reminisces her trip to Leh-Ladakh - IWMBuzz,"2 days ago — An avid traveler, Madirakshi has visited many scenic locations but one trip that she reminisces time and again is when she visited Leh-Ladakh ...",https://www.iwmbuzz.com/lifestyle/travel/travelling-to-leh-ladakh-was-one-of-the-most-memorable-trips-of-my-life-madirakshi-mundle/2021/08/16,115,2021-08-18 03:16:20
"A delegation of Ladakhi veteran leaders, Venerable Thiksay ...","Sep 27, 2020 — Dorje @ Lakrook (former Minister, J & K), on behalf of the people of Leh, Ladakh, met with the Union Home Minister, Sh. Amit Shah on ...",https://mha.gov.in/sites/default/files/PR_HM-Ladakhdelegation_27092020.pdf,116,2021-08-18 03:16:20
tourism is picking up well especially to hilly regions like Leh ...,2 days ago — ... took place but now there is consistent change. Mass tourism is picking up; packages to hilly areas like Leh Ladakh are doing well: IRCTC.,https://www.timesnownews.com/business-economy/industry/article/business-is-improving-tourism-is-picking-up-well-especially-to-hilly-regions-like-leh-ladakh-irctc/799708,117,2021-08-18 03:16:20
Tourism in Ladakh Himalaya - Page 67 - Google Books Result,"Obviously , summer is the peak tourist season of Ladakh . During tourist season the Jammu ... The journey by road takes two days from Srinagar to Leh .",https://books.google.com/books?id=1P-Q0cN9PVMC&pg=PA67&lpg=PA67&dq=leh+ladakh&source=bl&ots=PB1ibs4vt8&sig=ACfU3U1BBMwTEMg-PM25_8O11EMw_nm7nw&hl=en&sa=X&ved=2ahUKEwjThLP7g7nyAhWMQjABHXZ4Abw4ZBDoAXoFCJsBEAM,118,2021-08-18 03:16:20
A complete guide to your most awaited Leh-Ladakh Bike Trip,"Dear fellow travelers, If you are reading this very post, I see that Leh-Ladakh has been on your mind since quite some time now.",https://www.tripoto.com/india/trips/a-complete-guide-to-your-most-awaited-leh-ladakh-bike-trip-itinerary-hotels-and-more-5b55b59f240ae,119,2021-08-18 03:16:20
Ladakh Renewable Energy Development Agency,"The Ladakh Renewable Energy Development Agency (LREDA) is the nodal agency for ... solar water heaters for 40% of the building in Leh, 3000 solar ...",http://ladakhenergy.org/,120,2021-08-18 03:16:20
Madirakshi Mundle reminisces her trip to Leh-Ladakh - CineBlitz,"1 day ago — An avid traveler, Madirakshi has visited many scenic locations but one trip that she reminisces time and again is when she visited Leh-Ladakh ...",https://cineblitz.in/news-gossip/photos/madirakshi-mundle-reminisces-her-trip-to-leh-ladakh/,121,2021-08-18 03:16:20
Chuglamsar Pin Code - Jammu & Kashmir - IndiaTV News,,https://www.indiatvnews.com/pincode/jammu-and-kashmir/leh/chuglamsar,122,2021-08-18 03:16:20
Leh (Ladakh News | Devdiscourse,"8 hours ago — Latest News on Leh (Ladakh, Read more information on Leh (Ladakh.",https://www.devdiscourse.com/news?tag=Leh+(Ladakh,123,2021-08-18 03:16:20
"Leh – Ladakh Travel Guide – Planning, Preparation, Itinerary ...",In this Leh - Ladakh Travel Guide post you will find information helpful to plan your trip to Leh Ladakh. This11 days travel itinerary to ...,https://www.worldghoomo.com/leh-ladakh-travel-guide-planning-preparation-itinerary-things-to-keep-in-mind/,124,2021-08-18 03:16:20
1. corrigendum-iv - eProcurement System Government of India,"9 hours ago — Bid Opening Place, LEH, Pre Bid Meeting Date, Pre Bid Meeting Address, NHIDCL ROLADAKH RO LADAKH YARTSA HOUSE NEAR CHANGSPA FARM CHANGSPA ...",https://eprocure.gov.in/eprocure/app;jsessionid=4DCF1F20DCF82C42666C7DDB0930B857.eprocgep2?component=%24DirectLink_0&page=Home&service=direct&session=T&sp=SfMQLufhmJgZpUEt9vm32Wg%3D%3D,125,2021-08-18 03:16:20
"District Kargil, Union Territory of Ladakh | Union Territory of ...",Union Territory of Ladakh. ... the advertisement Notices for appointment/engagement as Chairpersons CWCs and Members CWCs and JJB in District Leh & Kargil.,https://kargil.nic.in/,126,2021-08-18 03:16:20
Leh Ladakh Bike Tour-My Dream: IndiaSpeaks - Reddit,"172k members in the IndiaSpeaks community. Namaskaram, We are a friendly and user-focused community for Redditors from India. It is a one stop …",https://www.reddit.com/r/IndiaSpeaks/comments/p5yoxc/leh_ladakh_bike_tourmy_dream/,127,2021-08-18 03:16:20
Desert Himalaya – Resort,"Desert Himalaya Resort, Village Diskit,Nubra, Ladakh ... in the valley, the Resort offers unparalleled views of the majestic Karakoram and Ladakh Range.",http://www.deserthimalayaresort.com/,128,2021-08-18 03:16:20
"Ladakh reports 4 new Covid-19 cases, active cases down to 77","1 hour ago — Leh: Ladakh recorded four fresh COVID-19 cases, taking the tally to 20455 while the total active cases in the Union territory has gone down ...",https://www.thenorthlines.com/ladakh-reports-4-new-covid-19-cases-active-cases-down-to-77/,129,2021-08-18 03:16:20
Ladakh to organise event from Aug 25-29 to promote domestic ...,"Leh, Aug 17 (PTI) Ladakh''s Department of Tourism will organise an event next week for promoting domestic tourism in Leh, the capital city of the Union ...",https://www.outlookindia.com/newsscroll/ladakh-to-organise-event-from-aug-2529-to-promote-domestic-tourism/2143194,130,2021-08-18 03:16:20
Exploring Ladakh - Snahasis Saha - The Business Standard,16 hours ago — ... remarkable landscapes and epic journeys capture the essence of Ladakh. Every biker dreams of going on a Leh Ladakh bike trip once in their.,https://www.tbsnews.net/features/focus/exploring-ladakh-289393,131,2021-08-18 03:16:20
Ladakh to organise event from August 25-29 to promote ...,"4 hours ago — Ladakh's Department of Tourism will organise an event next week for promoting domestic tourism in Leh, the capital city of the Union ...",https://www.freepressjournal.in/business/ladakh-to-organise-event-from-august-25-29-to-promote-domestic-tourism,132,2021-08-18 03:16:20
News18 - Preity Zinta Shares Glimpse of Her Solemn Visit...,"13 hours ago — These days, actress and producer Preity Zinta is pursuing her quest to find peace and light in the quaint Himalayan localities of Leh-Ladakh.",https://www.facebook.com/cnnnews18/posts/10161368473144202,133,2021-08-18 03:16:20
Ladakh LG RK Mathur celebrates 75th ... - Sify.com,"2 days ago — Leh (Ladakh) [India], August 15 (ANI): Ladakh Lieutenant Governor RK Mathur on Sunday celebrated the 75th Independence Day of the country ...",https://www.sify.com/news/ladakh-lg-rk-mathur-celebrates-75th-independence-day-with-indian-army-in-leh-news-national-viptacddhfjec.html,134,2021-08-18 03:16:20
INDIA IS MIND-BLOWING! Getting Lost in Old Delhi,10 hours ago — Pehle din hi watt lag gayi l Leh Ladakh Roadtrip l Delhi to Leh in new Thar. Follow us on Instagram https://www.Instagram.com/prachi.jpg ...,http://shellrapidlube.biz/delhi,135,2021-08-18 03:16:20
What Kind of Clothes to Pack for Ladakh Trip - Vargis Khan,"What Clothes to Wear in Leh Ladakh in August — However, if you intend on hiring a motorcycle in Leh, you will again have to carry a down jacket, or you can ...",https://vargiskhan.com/log/clothes-for-ladakh-trip-pack/,136,2021-08-18 03:16:20
Covid: 6 new cases in Ladakh - Republic World,"1 day ago — Ladakh recorded six new COVID-19 cases that pushed the infection tally to 20,451, officials said on Monday. Four people -- two each in Leh ...",https://www.republicworld.com/india-news/general-news/covid-6-new-cases-in-ladakh.html,137,2021-08-18 03:16:20
Tejaswi Surya participates in Yuva Sankalp Cycle Rally in Leh,10 hours ago — Ladakh BJYM and Ladakh Cycling Association combinedly organised Yuva Sankalp Rally began from NDS Stadium and concluded at Sindhu Ghat in Leh.,https://newsonair.com/2021/08/17/tejaswi-surya-participates-in-yuva-sankalp-cycle-rally-in-leh/,138,2021-08-18 03:16:20
Ladakh LG RK Mathur Celebrates 75th Independence Day ...,"2 days ago — Leh (Ladakh) [India], August 15 (ANI): Ladakh Lieutenant Governor RK Mathur on Sunday celebrated the 75th Independence Day of the country ...",https://www.latestly.com/agency-news/india-news-ladakh-lg-rk-mathur-celebrates-75th-independence-day-with-indian-army-in-leh-2748650.html,139,2021-08-18 03:16:20
Nature Residency Ladakh | Hotel ladakh bookings | Leh ...,Hotel Nature Residency is one of the best inn in Leh Ladakh gives exceptional personalized services to all our visitors. natureresidencyladakh.com a ...,http://natureresidencyladakh.com/,140,2021-08-18 03:16:20
Army joins 'Project BOLD' to grow bamboo trees in Himalaya,"21 hours ago — Leh (Ladakh) [India], August 17 (ANI): In an initiative to grow bamboo trees in the high Himalayan terrains, the Indian Army provided its ...",https://www.bignewsnetwork.com/news/270749054/army-joins-project-bold-to-grow-bamboo-trees-in-himalaya,141,2021-08-18 03:16:20
Ladakh reports 9 new coronavirus cases - The Week,"4 days ago — Leh, Aug 14 (PTI) Ladakh recorded nine fresh COVID-19 cases, taking the tally to 20,436 while the active cases in the Union territory has ...",https://www.theweek.in/wire-updates/national/2021/08/14/des5-ladakh-virus-cases.html,142,2021-08-18 03:16:20
10 more test positive in Leh - Kashmir Reader,"5 days ago — Leh: Ladakh recorded 10 more COVID-19 cases on Thursday and the active cases have risen to 82 in the union territory, officials said.",https://kashmirreader.com/2021/08/13/10-more-test-positive-in-leh/,143,2021-08-18 03:16:20
'Ladakh to get 36 helipads for providing better connectivity',1 day ago — Leh: Ladakh is all set to get a network of 36 helipads in a bid to provide better connectivity to people living in far-flung areas of the ...,https://www.greaterkashmir.com/ladakh/ladakh-to-get-36-helipads-for-providing-better-connectivity,144,2021-08-18 03:16:20
Tata Power Solar bags Rs 386 cr project for India`s first co ...,"4 days ago — ... energy storage system at Leh; order book goes to Rs 12,414 cr ... energy storage system project at Phyang village in Leh, Ladakh.",https://www.zeebiz.com/companies/news-tata-power-solar-bags-rs-386-cr-project-for-indias-first-co-located-large-scale-battery-energy-storage-system-at-leh-order-book-goes-to-rs-12414-cr-162826,145,2021-08-18 03:16:20
Tenu Main 'Leh' Javanga - Journey of 8 ordinary men,I told him about my Leh Ladakh expedition which involved bike journey. He said the same is out of the question and gave my nerves shock treatment (one ...,https://books.google.com/books?id=YkfiDwAAQBAJ&pg=PA36&lpg=PA36&dq=leh+ladakh&source=bl&ots=rVDa13r0pp&sig=ACfU3U3XsXfSMGoqm7drU4o6C4sK3LTTyA&hl=en&sa=X&ved=2ahUKEwjThLP7g7nyAhWMQjABHXZ4Abw4ZBDoAXoFCJ0BEAM,146,2021-08-18 03:16:20
Arts in the Margins of World Encounters,themselves not only in the manner in which Ladakh is sold in tourism ... Ladakh and the evolution of the Main Bazaar in Leh Ladakh was largely shaped in the ...,https://books.google.com/books?id=FxIwEAAAQBAJ&pg=PA149&lpg=PA149&dq=leh+ladakh&source=bl&ots=7TULjQXL7E&sig=ACfU3U1cfbOObuM5SYT3sY_BrcD3IQmOhA&hl=en&sa=X&ved=2ahUKEwjThLP7g7nyAhWMQjABHXZ4Abw4ZBDoAXoFCJ4BEAM,147,2021-08-18 03:16:20
Toofani 05 days Leh Ladakh - The Holiday Town,"leh-ladakh-tour-package-500×500 ... Short Escape tour of Ladakh this trip you will witness some of the most beautiful monasteries, while you are in the ...",https://www.theholidaytown.com/trip/toofani-05-days-leh-ladakh/,148,2021-08-18 03:16:20
"Hand-book of the Trade Products of Leh, with the Statistics ...",During the past season a much larger proportion than usual of the trade between the Panjab and Ladakh has passed by the Kashmir route .,https://books.google.com/books?id=Gcd_0QoEglQC&pg=PA327&lpg=PA327&dq=leh+ladakh&source=bl&ots=gofzysIakG&sig=ACfU3U2abaqZ2B-Y8dtwDR85eziReVZicA&hl=en&sa=X&ved=2ahUKEwjThLP7g7nyAhWMQjABHXZ4Abw4ZBDoAXoFCJwBEAM,149,2021-08-18 03:16:20
"A guide to Bombay, historical, statistical and descriptive","Leh , Ladakh . See remarks , page 54 . Via Bombay to Aden , and thence by Zanzibar line IV c 3 o'cl 601 0c 1 0 From Aden . Berbera Perein Zanzibar or Zeyla ...",https://books.google.com/books?id=fQAWAAAAYAAJ&pg=RA1-PA43&lpg=RA1-PA43&dq=leh+ladakh&source=bl&ots=ofim_XLW1B&sig=ACfU3U3SjGC96yeno-Ps5YvjWmCjEurXRQ&hl=en&sa=X&ved=2ahUKEwjThLP7g7nyAhWMQjABHXZ4Abw4ZBDoAXoFCKABEAM,150,2021-08-18 03:16:20
Luzac's Oriental List and Book Review,"Documents relating to the History of Ladakh ; Tibetan Text , Translation and Notes ; by the late Dr. KARL Marx , Moravian Missio nary at Leh , Ladakh .",https://books.google.com/books?id=9aFUAAAAYAAJ&pg=RA1-PP10&lpg=RA1-PP10&dq=leh+ladakh&source=bl&ots=iVtGTw_-2b&sig=ACfU3U1AqIODxNCJg0ocGG056f1kpzwRCw&hl=en&sa=X&ved=2ahUKEwjThLP7g7nyAhWMQjABHXZ4Abw4ZBDoAXoFCJ8BEAM,151,2021-08-18 03:16:20
売れ筋新商品 DVD-BOX3 【中古】イヴの愛 b01fhyhexy,"DVD-BOX3 【中古】イヴの愛 DVD アニメ TVアニメ - b01fhyhexy,holidayflyworld.com.",http://holidayflyworld.com/product/leh-ladakh/,152,2021-08-18 03:16:20
